{
  "train_loss": [
    2.7089964055690636,
    2.336521628113831,
    2.1093591002379957,
    1.9080978229743282,
    1.699667103923097,
    1.4490447816394625,
    1.242512907138487,
    1.0760451308724022,
    0.9635361171904064,
    0.8836071534221676,
    0.8042682071121372,
    0.731663315312392,
    0.6680097983807933,
    0.6049452897642745,
    0.5395914443496134,
    0.49189053757661055,
    0.4392444829146067,
    0.38726427863244295,
    0.34766782076180386,
    0.3190690373076874,
    0.2591132599480298,
    0.23813253438391654,
    0.18852385359556498,
    0.16547106796381425,
    0.13201727098753663,
    0.11506623669343741,
    0.10282914649669816,
    0.08056270153242714,
    0.06735793077925435,
    0.056977382586115885,
    0.0450562351313578,
    0.035068345662890646,
    0.035220895413638785,
    0.030415361440506113,
    0.02927812157439537,
    0.025355945147421895,
    0.022396959458180026,
    0.020809669592449453,
    0.018045676916482904,
    0.01815265468036642,
    0.017279678306916135,
    0.01569376361562687,
    0.015363822375633279,
    0.015691350065931982,
    0.014012454172634348,
    0.01521987508298183,
    0.014177094207329004,
    0.013928892950014192,
    0.015063259921663878,
    0.013751581953648402
  ],
  "train_acc": [
    0.1873299319727891,
    0.29651360544217686,
    0.3590986394557823,
    0.42142857142857143,
    0.4814625850340136,
    0.5517857142857143,
    0.6158163265306122,
    0.6664965986394558,
    0.6946428571428571,
    0.7199829931972789,
    0.7404761904761905,
    0.764795918367347,
    0.786734693877551,
    0.8029761904761905,
    0.8258503401360544,
    0.8402210884353741,
    0.8553571428571428,
    0.873639455782313,
    0.8851190476190476,
    0.8947278911564626,
    0.9159863945578232,
    0.9240646258503401,
    0.9418367346938775,
    0.9478741496598639,
    0.9616496598639456,
    0.9680272108843537,
    0.9704081632653061,
    0.9792517006802721,
    0.9846938775510204,
    0.988265306122449,
    0.991156462585034,
    0.9948979591836735,
    0.9942176870748299,
    0.9945578231292517,
    0.9948979591836735,
    0.9967687074829932,
    0.996938775510204,
    0.9976190476190476,
    0.997874149659864,
    0.997874149659864,
    0.9985544217687075,
    0.9987244897959183,
    0.9988945578231293,
    0.998639455782313,
    0.9993197278911564,
    0.9985544217687075,
    0.9991496598639455,
    0.9993197278911564,
    0.998639455782313,
    0.9994047619047619
  ],
  "val_loss": [
    2.517749027221922,
    2.411805676657056,
    2.0414431341110713,
    1.9189708539417811,
    1.7912217038018363,
    2.089600222451346,
    1.3385148820422945,
    1.30437072572254,
    1.20062381199428,
    1.088217133945889,
    1.015275582245418,
    1.061203057803805,
    0.9286462825442118,
    0.9501093603315808,
    0.8738694527792552,
    0.9363131663155935,
    0.9659949970623803,
    0.893227119483645,
    0.9210127875918434,
    0.9063568499353197,
    0.872187322283548,
    0.9741030148097447,
    0.8948803216692001,
    0.9209561397158911,
    0.9213720457894462,
    0.9058907084994846,
    0.89336283604304,
    0.9285004557125152,
    0.9571832354106601,
    0.8542557203580463,
    0.8834912309570918,
    0.8789855894588289,
    0.8566492120424907,
    0.8415570240172129,
    0.8715206047845265,
    0.8518560127606467,
    0.844021879680573,
    0.8569032040853349,
    0.8513158304350716,
    0.8395121621707129,
    0.8347685032420689,
    0.8390074686398582,
    0.8416744355171446,
    0.8359935669671922,
    0.8301712868705629,
    0.8429317953094604,
    0.8368734584914314,
    0.8411318455423628,
    0.8434782247694712,
    0.8450250194186256
  ],
  "val_acc": [
    0.2567460317460317,
    0.28888888888888886,
    0.38293650793650796,
    0.430952380952381,
    0.4793650793650794,
    0.46150793650793653,
    0.5968253968253968,
    0.6103174603174604,
    0.6361111111111111,
    0.6757936507936508,
    0.6968253968253968,
    0.6821428571428572,
    0.7194444444444444,
    0.7178571428571429,
    0.736904761904762,
    0.7313492063492063,
    0.7412698412698413,
    0.7547619047619047,
    0.7424603174603175,
    0.7507936507936508,
    0.7603174603174603,
    0.7551587301587301,
    0.7646825396825396,
    0.7666666666666667,
    0.7710317460317461,
    0.7765873015873016,
    0.7845238095238095,
    0.7773809523809524,
    0.775,
    0.796031746031746,
    0.7936507936507936,
    0.7988095238095239,
    0.803968253968254,
    0.8003968253968254,
    0.8003968253968254,
    0.7972222222222223,
    0.8023809523809524,
    0.8035714285714286,
    0.7984126984126985,
    0.8083333333333333,
    0.8051587301587302,
    0.8083333333333333,
    0.807936507936508,
    0.8075396825396826,
    0.8043650793650794,
    0.8091269841269841,
    0.807936507936508,
    0.803968253968254,
    0.8071428571428572,
    0.8063492063492064
  ]
}