{
  "train_loss": [
    2.984831803834357,
    2.6312268156583616,
    2.2391623190471104,
    1.7678806888813876,
    1.5593524467377435,
    1.4239808953538233,
    1.322554925347672,
    1.2177119689733804,
    1.1352213192148273,
    1.044191733752789,
    0.9704991322796361,
    0.8896510205301298,
    0.8154193668949361,
    0.7461747622814309,
    0.6742373987930973,
    0.5942608397023208,
    0.527312561889895,
    0.4634502778247911,
    0.41023599051293874,
    0.35979161517960684,
    0.292795685805431,
    0.26111801980304067,
    0.2030083356868653,
    0.1732706020275752,
    0.1494838742171826,
    0.12088409767669886,
    0.09752458080548007,
    0.07790297247520109,
    0.06776203406201739,
    0.059386721613253056,
    0.04919132960288703,
    0.04150605191077505,
    0.03703928960575944,
    0.03070771294031419,
    0.027841712177103878,
    0.024047897880276045,
    0.02325625777954147,
    0.020015252918815937,
    0.020808924572402927,
    0.01801715888285718,
    0.017914190646387686,
    0.02013908208531587,
    0.018401470496540978,
    0.015930242987260933,
    0.01664851952065416,
    0.016078066255669203,
    0.015820286610499532,
    0.01573990108762063,
    0.015371117903059032,
    0.016187254939431035
  ],
  "train_acc": [
    0.12202380952380952,
    0.22193877551020408,
    0.33256802721088435,
    0.4626700680272109,
    0.5232142857142857,
    0.5547619047619048,
    0.5914115646258503,
    0.6178571428571429,
    0.6439625850340136,
    0.6687925170068028,
    0.6909863945578232,
    0.7164115646258503,
    0.7424319727891157,
    0.757482993197279,
    0.7824829931972789,
    0.8041666666666667,
    0.8300170068027211,
    0.8495748299319728,
    0.8658163265306122,
    0.8853741496598639,
    0.9090136054421769,
    0.916156462585034,
    0.9402210884353741,
    0.9486394557823129,
    0.9562074829931972,
    0.9664115646258503,
    0.9761904761904762,
    0.9816326530612245,
    0.9840136054421769,
    0.9865646258503401,
    0.9899659863945578,
    0.9906462585034014,
    0.9930272108843538,
    0.9952380952380953,
    0.9960034013605442,
    0.997704081632653,
    0.9972789115646259,
    0.9974489795918368,
    0.997704081632653,
    0.9982142857142857,
    0.9979591836734694,
    0.9971938775510204,
    0.9981292517006802,
    0.9989795918367347,
    0.9981292517006802,
    0.9987244897959183,
    0.9988095238095238,
    0.998639455782313,
    0.9988945578231293,
    0.9983843537414966
  ],
  "val_loss": [
    3.0650169016822937,
    2.5290542663089814,
    2.4540250066726927,
    2.0156140372866678,
    1.7930539634492662,
    1.6051040800790939,
    1.6352557893783326,
    1.678577362544953,
    1.3968593502801563,
    1.4319327547436669,
    1.3777541421708606,
    1.3212999090315805,
    1.2646356325300914,
    1.3887590385618664,
    1.3063249266336834,
    1.3358460036535111,
    1.3137805287800137,
    1.3146442735005939,
    1.3448026850110009,
    1.4547969284511748,
    1.5033388837935433,
    1.50711117055681,
    1.5159233467919486,
    1.48406259786515,
    1.4494565581518506,
    1.4540385227354746,
    1.4386612706714206,
    1.4279006780139984,
    1.4539035380832732,
    1.3900801026631915,
    1.4490613430265396,
    1.4212491493376473,
    1.4520221740480452,
    1.4267465712532164,
    1.4079677907247392,
    1.3890245793357727,
    1.3794941758352612,
    1.4127746525264921,
    1.4060223185826861,
    1.390467712235829,
    1.408560747948904,
    1.3919346419591752,
    1.4176877914913117,
    1.3917673470481993,
    1.394036268809485,
    1.3833196855726697,
    1.3869814210467868,
    1.4085386609274244,
    1.3888278991457015,
    1.3807402501030575
  ],
  "val_acc": [
    0.12658730158730158,
    0.2396825396825397,
    0.2992063492063492,
    0.4261904761904762,
    0.47579365079365077,
    0.5408730158730158,
    0.540079365079365,
    0.5265873015873016,
    0.5876984126984127,
    0.5761904761904761,
    0.5984126984126984,
    0.6309523809523809,
    0.6448412698412699,
    0.625,
    0.6341269841269841,
    0.648015873015873,
    0.6460317460317461,
    0.655952380952381,
    0.6507936507936508,
    0.6496031746031746,
    0.6428571428571429,
    0.648015873015873,
    0.6615079365079365,
    0.667063492063492,
    0.6773809523809524,
    0.6813492063492064,
    0.6837301587301587,
    0.6869047619047619,
    0.6952380952380952,
    0.7035714285714286,
    0.696031746031746,
    0.7,
    0.7015873015873015,
    0.7015873015873015,
    0.7023809523809523,
    0.705952380952381,
    0.7103174603174603,
    0.7075396825396826,
    0.7071428571428572,
    0.7111111111111111,
    0.7107142857142857,
    0.7083333333333334,
    0.705952380952381,
    0.709920634920635,
    0.7087301587301588,
    0.709920634920635,
    0.7103174603174603,
    0.705952380952381,
    0.7107142857142857,
    0.7134920634920635
  ]
}