{
  "train_loss": [
    2.811680539124677,
    2.3054874241757557,
    1.9445671178856674,
    1.738954313109521,
    1.5629866802773509,
    1.428225836461904,
    1.2904162865917699,
    1.1789244760461406,
    1.0900179253954465,
    0.9988247793547961,
    0.9309412026891903,
    0.8460817737644222,
    0.7603559289659773,
    0.6969590777442569,
    0.6363840562956674,
    0.5767890491858632,
    0.51054015220428,
    0.45439138298942927,
    0.3955223461397651,
    0.3387848998008131,
    0.3051232096289291,
    0.26066930458253745,
    0.20587274943079267,
    0.17747097808082088,
    0.1494009052510975,
    0.11546513391595309,
    0.1028446824068115,
    0.08260010227459628,
    0.0643585796157519,
    0.0597289762732123,
    0.051505897189078685,
    0.03992839884899911,
    0.03315258516746313,
    0.030833942858743017,
    0.025609947735963225,
    0.021782630187820416,
    0.020478472605246264,
    0.019806370635827384,
    0.018447111683840653,
    0.018116217570341365,
    0.01645475832530025,
    0.01710890450571873,
    0.01609342401581151,
    0.01449745938840772,
    0.014427632668695482,
    0.013762042872911813,
    0.013945510783264427,
    0.013911745564213821,
    0.013925684240906417,
    0.01316690754880305
  ],
  "train_acc": [
    0.1649659863945578,
    0.3185374149659864,
    0.4187925170068027,
    0.47687074829931975,
    0.5281462585034014,
    0.5649659863945579,
    0.6053571428571428,
    0.6320578231292517,
    0.653656462585034,
    0.6883503401360545,
    0.707312925170068,
    0.7325680272108843,
    0.7587585034013605,
    0.7795918367346939,
    0.7988945578231292,
    0.8147108843537415,
    0.8350340136054422,
    0.8517006802721089,
    0.8754251700680272,
    0.8913265306122449,
    0.9041666666666667,
    0.917687074829932,
    0.9381802721088436,
    0.9478741496598639,
    0.9551870748299319,
    0.9689625850340136,
    0.9720238095238095,
    0.9793367346938775,
    0.985969387755102,
    0.9869897959183673,
    0.9879251700680272,
    0.9920068027210884,
    0.9933673469387755,
    0.9937925170068027,
    0.9965986394557823,
    0.9975340136054421,
    0.9977891156462585,
    0.9976190476190476,
    0.9980442176870749,
    0.9974489795918368,
    0.9980442176870749,
    0.9983843537414966,
    0.9979591836734694,
    0.9983843537414966,
    0.9988945578231293,
    0.998639455782313,
    0.9989795918367347,
    0.9983843537414966,
    0.9988945578231293,
    0.9990646258503402
  ],
  "val_loss": [
    3.273529521245805,
    2.3649497289506214,
    2.3909703171442427,
    1.8590334275412181,
    1.6933008614040557,
    1.5978623844328381,
    1.437351761734675,
    1.4041686765731327,
    1.354672152277023,
    1.434997913194081,
    1.2348099945083497,
    1.567356076316228,
    1.2559549918250432,
    1.4822865300708348,
    1.4135385464108179,
    1.178857862003266,
    1.2517377758783008,
    1.4163412680701604,
    1.465183887406001,
    1.5804168417340234,
    1.4773318941631015,
    1.4165376661315796,
    1.5368085168656849,
    1.3640849507044233,
    1.4423175232751029,
    1.4297810490169223,
    1.5136930772236414,
    1.4963463612965175,
    1.4870560615781754,
    1.4870786356547523,
    1.4904048813713922,
    1.397906598212227,
    1.3803229375491066,
    1.4349672268307399,
    1.4074011096878658,
    1.3786426583925884,
    1.3873479479835147,
    1.369240329379127,
    1.3555862916840447,
    1.3880912250942654,
    1.3869202553279816,
    1.3831270113823906,
    1.3836144229722402,
    1.360940466419099,
    1.387098176517184,
    1.3766848997464256,
    1.3707946086686755,
    1.3770214601168558,
    1.3762093860005575,
    1.3681453805121164
  ],
  "val_acc": [
    0.1123015873015873,
    0.30317460317460315,
    0.3353174603174603,
    0.4492063492063492,
    0.4988095238095238,
    0.5285714285714286,
    0.5674603174603174,
    0.578968253968254,
    0.596031746031746,
    0.5936507936507937,
    0.6376984126984127,
    0.5773809523809523,
    0.6476190476190476,
    0.6083333333333333,
    0.6361111111111111,
    0.6753968253968254,
    0.6642857142857143,
    0.6456349206349207,
    0.6484126984126984,
    0.6222222222222222,
    0.6630952380952381,
    0.6567460317460317,
    0.6630952380952381,
    0.6888888888888889,
    0.6722222222222223,
    0.6880952380952381,
    0.6817460317460318,
    0.6888888888888889,
    0.6880952380952381,
    0.698015873015873,
    0.6869047619047619,
    0.7075396825396826,
    0.7174603174603175,
    0.7150793650793651,
    0.7142857142857143,
    0.7154761904761905,
    0.7150793650793651,
    0.7178571428571429,
    0.7198412698412698,
    0.7142857142857143,
    0.7166666666666667,
    0.7182539682539683,
    0.7222222222222222,
    0.7214285714285714,
    0.7178571428571429,
    0.7206349206349206,
    0.7186507936507937,
    0.7178571428571429,
    0.7158730158730159,
    0.7178571428571429
  ]
}