{
  "train_loss": [
    2.8754894532313964,
    2.577731148401896,
    2.3433837001826485,
    2.009632007443175,
    1.6884913159065507,
    1.4773678375750172,
    1.317279974781737,
    1.1929864593914576,
    1.0994016999290104,
    1.0134933918511786,
    0.9420797187454847,
    0.864230426233642,
    0.7911788908802733,
    0.7117816414962821,
    0.6485432135004575,
    0.5936134348110277,
    0.5148323645802583,
    0.4613622182080535,
    0.4148295941806975,
    0.3584482611644836,
    0.30248216901506697,
    0.25905977544330416,
    0.21909639442048104,
    0.1769807777437223,
    0.16019947522757005,
    0.12502805473042183,
    0.10809557759234695,
    0.08308428783400529,
    0.07375657889915972,
    0.06272228168589729,
    0.05317216914679323,
    0.0453554876908964,
    0.03918397693457652,
    0.03591184918166829,
    0.03228832493935312,
    0.027552104528461185,
    0.023769569082730483,
    0.02292668503664789,
    0.022742922528057683,
    0.02084017879500681,
    0.01893006620206395,
    0.019092147353859175,
    0.01915959644631869,
    0.016612014427882474,
    0.017865540032737513,
    0.017510712186039307,
    0.017507533228569697,
    0.017435343898072535,
    0.016938151822102312,
    0.0166090536457138
  ],
  "train_acc": [
    0.1302721088435374,
    0.2244047619047619,
    0.2949829931972789,
    0.38826530612244897,
    0.48392857142857143,
    0.5424319727891157,
    0.5941326530612245,
    0.6293367346938775,
    0.6557823129251701,
    0.683843537414966,
    0.7068027210884353,
    0.7272108843537415,
    0.7458333333333333,
    0.7732142857142857,
    0.789795918367347,
    0.8134353741496598,
    0.836139455782313,
    0.8528061224489796,
    0.8663265306122448,
    0.8862244897959184,
    0.9062925170068027,
    0.9177721088435374,
    0.9312925170068027,
    0.9479591836734694,
    0.9529761904761904,
    0.9656462585034014,
    0.9691326530612245,
    0.9795068027210885,
    0.983078231292517,
    0.9846938775510204,
    0.988265306122449,
    0.9902210884353742,
    0.9924319727891157,
    0.9942176870748299,
    0.9943877551020408,
    0.9959183673469387,
    0.9971938775510204,
    0.9973639455782313,
    0.9973639455782313,
    0.9980442176870749,
    0.997704081632653,
    0.997874149659864,
    0.9979591836734694,
    0.9981292517006802,
    0.9979591836734694,
    0.9984693877551021,
    0.9980442176870749,
    0.9981292517006802,
    0.9981292517006802,
    0.9980442176870749
  ],
  "val_loss": [
    2.756852408060952,
    2.609624299548921,
    2.6138897524939644,
    2.3446374007633755,
    1.812722060793922,
    1.9145326084560819,
    1.4898976416814895,
    1.4384220089231219,
    1.3035095850626628,
    1.4014779480676802,
    1.2619809601042005,
    1.4219123651110936,
    1.3883166248836214,
    1.5275398946943737,
    1.2002970320837838,
    1.4497942322776431,
    1.4041601041006664,
    1.362980383918399,
    1.5756932860329038,
    1.4910647952367388,
    1.392218764244564,
    1.4249876661906167,
    1.4131167211229838,
    1.5368915137790498,
    1.5074240877514793,
    1.4805737695996724,
    1.4397446083644079,
    1.4753921247663953,
    1.5337868190947033,
    1.4559719558746096,
    1.480044502682156,
    1.4652338432887244,
    1.4713083630516415,
    1.476230474123879,
    1.4578918593270438,
    1.4657287310040186,
    1.4551273648701017,
    1.4391505850685968,
    1.4885368797514174,
    1.4546181879346334,
    1.4502516409707449,
    1.475767031170073,
    1.4557982607493325,
    1.4341245798837572,
    1.435567015314859,
    1.4624067484386383,
    1.438210099840921,
    1.4575550563751705,
    1.4378310642545185,
    1.4281660136722383
  ],
  "val_acc": [
    0.17777777777777778,
    0.24642857142857144,
    0.298015873015873,
    0.36547619047619045,
    0.4642857142857143,
    0.43492063492063493,
    0.5638888888888889,
    0.5908730158730159,
    0.6162698412698413,
    0.6039682539682539,
    0.6325396825396825,
    0.6015873015873016,
    0.6234126984126984,
    0.5996031746031746,
    0.6654761904761904,
    0.6218253968253968,
    0.648015873015873,
    0.6543650793650794,
    0.6361111111111111,
    0.6337301587301587,
    0.6591269841269841,
    0.6591269841269841,
    0.6825396825396826,
    0.6761904761904762,
    0.6801587301587302,
    0.6845238095238095,
    0.6948412698412698,
    0.6892857142857143,
    0.6825396825396826,
    0.6904761904761905,
    0.6900793650793651,
    0.6936507936507936,
    0.6976190476190476,
    0.7031746031746032,
    0.7007936507936507,
    0.7019841269841269,
    0.6992063492063492,
    0.7011904761904761,
    0.7051587301587302,
    0.7015873015873015,
    0.7027777777777777,
    0.7019841269841269,
    0.7087301587301588,
    0.707936507936508,
    0.7083333333333334,
    0.703968253968254,
    0.7067460317460318,
    0.7043650793650794,
    0.7071428571428572,
    0.7103174603174603
  ]
}