{
  "train_loss": [
    2.6976303943971387,
    2.139406288562178,
    1.8069507944340608,
    1.6013799662492714,
    1.3999611852931328,
    1.2442343969734349,
    1.1182307585567033,
    1.0231616036421587,
    0.9225048535535124,
    0.8199867467490994,
    0.7506112417396233,
    0.671963944321587,
    0.6050953732055872,
    0.5386614686777803,
    0.4711002793441824,
    0.43074777089819616,
    0.35865334596763665,
    0.30730550504055154,
    0.284465260773289,
    0.24705784637100842,
    0.19379915357852467,
    0.16094633728063026,
    0.1468081182160345,
    0.11588099526406145,
    0.09007846080527014,
    0.07907532387140657,
    0.07260102018409846,
    0.05777572464882111,
    0.04672003370158526,
    0.039975200565595205,
    0.027226898492294916,
    0.031327361818783137,
    0.023733472469307126,
    0.018456418031737917,
    0.022212488610981677,
    0.018829183227249555,
    0.014844301873881395,
    0.015023421793289127,
    0.01265256919828402,
    0.012893467951489955,
    0.012794900566440861,
    0.012111408879258195,
    0.010725855891953925,
    0.010590648188629523,
    0.009909926188894275,
    0.011281848343431341,
    0.011031688235345342,
    0.01031508390874076,
    0.010495875044694158,
    0.010816067041588478
  ],
  "train_acc": [
    0.2,
    0.36241496598639455,
    0.45841836734693875,
    0.5206632653061225,
    0.575595238095238,
    0.6183673469387755,
    0.6539965986394558,
    0.6821428571428572,
    0.7104591836734694,
    0.741156462585034,
    0.7603741496598639,
    0.7832482993197278,
    0.8084183673469387,
    0.8261054421768708,
    0.8475340136054422,
    0.8622448979591837,
    0.8839285714285714,
    0.9022108843537415,
    0.9107142857142857,
    0.9221938775510204,
    0.940561224489796,
    0.9510204081632653,
    0.9556972789115646,
    0.9678571428571429,
    0.9771258503401361,
    0.9797619047619047,
    0.9811224489795919,
    0.9866496598639456,
    0.9897108843537415,
    0.9918367346938776,
    0.9971088435374149,
    0.9943877551020408,
    0.9967687074829932,
    0.9977891156462585,
    0.9960884353741497,
    0.9974489795918368,
    0.9988945578231293,
    0.9980442176870749,
    0.9994047619047619,
    0.9987244897959183,
    0.9988945578231293,
    0.9988095238095238,
    0.9994897959183674,
    0.999234693877551,
    0.9995748299319728,
    0.9989795918367347,
    0.999234693877551,
    0.9993197278911564,
    0.9994897959183674,
    0.9993197278911564
  ],
  "val_loss": [
    2.6369173087770976,
    2.3871466841016495,
    1.9399201412049552,
    1.9471995962990656,
    1.4532086224783034,
    1.368668073888809,
    1.201324066283211,
    1.1825135823280093,
    1.2312803205989655,
    1.1237776771424308,
    1.1017791990249877,
    1.1267912181596906,
    1.45539810619657,
    0.957338297367096,
    1.1425116009182401,
    0.9622795029292031,
    1.071942729420132,
    1.0908414515237959,
    1.1752386301282853,
    1.0818767456781297,
    1.0995240711030505,
    1.0228562453436474,
    1.042438242548988,
    1.0915205109687078,
    1.0457245194722735,
    1.045445296121022,
    1.1024412071894085,
    0.9921608062017532,
    1.0197128534317017,
    0.9711219142353724,
    0.9418318638725887,
    1.0247777240616935,
    0.9457527064141773,
    0.935757865603008,
    0.9558661300038535,
    0.9547591542440748,
    0.9312135176053122,
    0.9427866142893594,
    0.9373962305840992,
    0.944845457871755,
    0.9516304969787598,
    0.9453867586832198,
    0.9382022219990928,
    0.9275962367890374,
    0.9442048564789787,
    0.9350872900750902,
    0.942387344723656,
    0.9319480833553132,
    0.9324304202246287,
    0.934217103322347
  ],
  "val_acc": [
    0.24126984126984127,
    0.3202380952380952,
    0.444047619047619,
    0.4626984126984127,
    0.575,
    0.6011904761904762,
    0.6464285714285715,
    0.6575396825396825,
    0.6460317460317461,
    0.6654761904761904,
    0.6757936507936508,
    0.6773809523809524,
    0.6309523809523809,
    0.725,
    0.6996031746031746,
    0.7380952380952381,
    0.7178571428571429,
    0.7226190476190476,
    0.6996031746031746,
    0.7341269841269841,
    0.7329365079365079,
    0.7432539682539683,
    0.7440476190476191,
    0.7412698412698413,
    0.7464285714285714,
    0.7543650793650793,
    0.7396825396825397,
    0.7738095238095238,
    0.7595238095238095,
    0.7698412698412699,
    0.7757936507936508,
    0.773015873015873,
    0.7876984126984127,
    0.7793650793650794,
    0.7821428571428571,
    0.7801587301587302,
    0.7865079365079365,
    0.7813492063492063,
    0.7884920634920635,
    0.7825396825396825,
    0.7880952380952381,
    0.7865079365079365,
    0.7845238095238095,
    0.7869047619047619,
    0.7845238095238095,
    0.7908730158730158,
    0.7888888888888889,
    0.7896825396825397,
    0.7888888888888889,
    0.7873015873015873
  ]
}