{
  "train_loss": [
    2.8451110067821683,
    2.3239295774576614,
    1.9703931192151543,
    1.707660999914416,
    1.494143860194148,
    1.3482716928533955,
    1.220930122193836,
    1.1095122001609024,
    1.0397544089628725,
    0.9453048346804924,
    0.8732701887078836,
    0.8009786059256314,
    0.7326100546486524,
    0.6751143582824136,
    0.6126749753141079,
    0.5439897223394744,
    0.501607544324836,
    0.4462350877774816,
    0.3932571493849462,
    0.3440033444336483,
    0.29627158228231937,
    0.2513100621246156,
    0.2171782596784384,
    0.19208502501857525,
    0.16058173037710644,
    0.13037801365665838,
    0.12083311920263329,
    0.09531724881760928,
    0.08216057951961245,
    0.07032037673353338,
    0.06749813260168445,
    0.05076850457053606,
    0.0460699709651827,
    0.036379747310666,
    0.03281191911320297,
    0.030146236499758804,
    0.026315866560250725,
    0.025388224216393467,
    0.023008428169351045,
    0.02111250286300977,
    0.020913804436520654,
    0.020733891326148494,
    0.01896162945650467,
    0.01803039997613349,
    0.018716450580427434,
    0.018584035933777995,
    0.01606055103166371,
    0.017311806581458266,
    0.017460185226027658,
    0.017133791216326005
  ],
  "train_acc": [
    0.1377551020408163,
    0.3022959183673469,
    0.4054421768707483,
    0.4869047619047619,
    0.5465986394557824,
    0.5898809523809524,
    0.6243197278911564,
    0.6552721088435374,
    0.6769557823129252,
    0.7065476190476191,
    0.7227040816326531,
    0.7452380952380953,
    0.7686224489795919,
    0.7852040816326531,
    0.8039965986394558,
    0.8273809523809523,
    0.8386904761904762,
    0.8547619047619047,
    0.8760204081632653,
    0.8857993197278912,
    0.9039965986394558,
    0.9217687074829932,
    0.9332482993197279,
    0.9400510204081632,
    0.9534013605442176,
    0.9637755102040816,
    0.9639455782312926,
    0.9741496598639455,
    0.9797619047619047,
    0.9829081632653062,
    0.9829081632653062,
    0.9893707482993197,
    0.9897959183673469,
    0.9943877551020408,
    0.9945578231292517,
    0.9946428571428572,
    0.9966836734693878,
    0.996343537414966,
    0.9966836734693878,
    0.9975340136054421,
    0.9977891156462585,
    0.9973639455782313,
    0.997704081632653,
    0.9982142857142857,
    0.9974489795918368,
    0.997874149659864,
    0.9984693877551021,
    0.9985544217687075,
    0.9982993197278912,
    0.9980442176870749
  ],
  "val_loss": [
    3.0211782417600115,
    2.7393747571914915,
    2.2343826104724216,
    2.24833249288892,
    1.6204852024714151,
    1.4610982701891944,
    1.4529339160237993,
    1.3785831967989604,
    1.4200375621280974,
    1.177831841272021,
    1.330210354593065,
    1.2831018425169445,
    1.2481342830355204,
    1.1573632291385105,
    1.17543969513878,
    1.1799774682711042,
    1.1937701032275245,
    1.165661829236954,
    1.17185483186964,
    1.1305999239285787,
    1.1496492601576305,
    1.1727271511441186,
    1.327687101893955,
    1.2211098116541665,
    1.2483427691081213,
    1.3577513263339087,
    1.230727752428206,
    1.3124574044394115,
    1.2211628834406534,
    1.234573206825862,
    1.2307952477818445,
    1.1591998493860638,
    1.1592639567360046,
    1.1657912585470411,
    1.1460993526473877,
    1.1215215484301249,
    1.1555512956210545,
    1.114996474129813,
    1.1464859553745814,
    1.1315782395620195,
    1.1334091127864898,
    1.1476018131725372,
    1.131192540176331,
    1.118256882448045,
    1.132761475964198,
    1.1229185367387438,
    1.1233914119856698,
    1.1285159201849075,
    1.1348682170822506,
    1.1221433247838701
  ],
  "val_acc": [
    0.11547619047619048,
    0.2246031746031746,
    0.35079365079365077,
    0.3952380952380952,
    0.5261904761904762,
    0.5654761904761905,
    0.5611111111111111,
    0.5880952380952381,
    0.5932539682539683,
    0.65,
    0.6126984126984127,
    0.6353174603174603,
    0.6476190476190476,
    0.6734126984126985,
    0.6694444444444444,
    0.6638888888888889,
    0.6761904761904762,
    0.6757936507936508,
    0.6841269841269841,
    0.6972222222222222,
    0.6928571428571428,
    0.6869047619047619,
    0.6845238095238095,
    0.705952380952381,
    0.7071428571428572,
    0.6936507936507936,
    0.7055555555555556,
    0.6924603174603174,
    0.7126984126984127,
    0.7253968253968254,
    0.7162698412698413,
    0.7353174603174604,
    0.7376984126984127,
    0.7293650793650793,
    0.7432539682539683,
    0.748015873015873,
    0.7456349206349207,
    0.7424603174603175,
    0.7380952380952381,
    0.7424603174603175,
    0.7440476190476191,
    0.7440476190476191,
    0.7476190476190476,
    0.7436507936507937,
    0.736904761904762,
    0.7440476190476191,
    0.7448412698412699,
    0.7412698412698413,
    0.7404761904761905,
    0.7472222222222222
  ]
}