{
  "train_loss": [
    2.7959363843308016,
    2.255770222994746,
    1.8772229520642028,
    1.6661456341646155,
    1.484722876224388,
    1.3577979485193887,
    1.2394465034510813,
    1.1396945791990578,
    1.0544337802192791,
    0.9830501689391882,
    0.900031721105381,
    0.8231845889772688,
    0.7464915068782105,
    0.6930027277291226,
    0.6146819814532792,
    0.5584343909406337,
    0.4986399757213333,
    0.4602436882298009,
    0.3927963338336166,
    0.34037633976157833,
    0.3071026476062074,
    0.25270408083792445,
    0.21533328053497133,
    0.19588748772128098,
    0.15734061489299853,
    0.11652588245211816,
    0.09576805079875349,
    0.08512231471384464,
    0.06858635585324294,
    0.057848853460785485,
    0.0475103032832243,
    0.039746936114162815,
    0.03346200268588909,
    0.03254476359152064,
    0.027339927844551144,
    0.02470731138676202,
    0.020638799088291165,
    0.020334430852410743,
    0.018912497988971724,
    0.017412660483803067,
    0.015904181871284433,
    0.017200078911521807,
    0.017573343891473043,
    0.014535674289958615,
    0.015236494859971968,
    0.015061723027809136,
    0.01326646052529009,
    0.013986047257219447,
    0.014075110533407756,
    0.016011004338712515
  ],
  "train_acc": [
    0.17261904761904762,
    0.3380952380952381,
    0.43758503401360543,
    0.5005952380952381,
    0.5490646258503401,
    0.5865646258503401,
    0.6193027210884354,
    0.6437925170068027,
    0.6687925170068028,
    0.6891156462585034,
    0.7191326530612245,
    0.7365646258503401,
    0.7621598639455782,
    0.7772108843537415,
    0.8040816326530612,
    0.8194727891156462,
    0.8394557823129252,
    0.8499149659863946,
    0.875765306122449,
    0.891156462585034,
    0.9039965986394558,
    0.9207482993197279,
    0.9329931972789116,
    0.9413265306122449,
    0.954421768707483,
    0.9681972789115646,
    0.9759353741496599,
    0.9762755102040817,
    0.9839285714285714,
    0.9871598639455782,
    0.9904761904761905,
    0.9923469387755102,
    0.9935374149659864,
    0.9947278911564625,
    0.995578231292517,
    0.9960034013605442,
    0.9982142857142857,
    0.9973639455782313,
    0.997704081632653,
    0.9983843537414966,
    0.9988095238095238,
    0.9979591836734694,
    0.997874149659864,
    0.9988945578231293,
    0.9982142857142857,
    0.9983843537414966,
    0.9984693877551021,
    0.999234693877551,
    0.9983843537414966,
    0.997874149659864
  ],
  "val_loss": [
    3.2035546053023567,
    2.42873362965054,
    1.9911423062521314,
    1.8638892957142421,
    1.5848145776324802,
    1.493210188169328,
    1.4698272992694188,
    1.355647962055509,
    1.5187148639133998,
    1.3248151326936388,
    1.25412451918163,
    1.215787852945782,
    1.1995288546123202,
    1.2378750396153284,
    1.2752649205071585,
    1.241600783665975,
    1.395730583629911,
    1.347307140486581,
    1.2498903198847695,
    1.4368386900614178,
    1.3234047040106758,
    1.2705391736257643,
    1.415631860021561,
    1.3970507194125463,
    1.3605181712952872,
    1.2647117875871203,
    1.3095752097311475,
    1.3442944524780152,
    1.3078974837348574,
    1.3034179250399271,
    1.3275492304847354,
    1.24341467921696,
    1.2576542833494762,
    1.3147616547251504,
    1.2875319692823621,
    1.2924664892847575,
    1.2792681071493361,
    1.273816414295681,
    1.2750554945733812,
    1.2691356293738834,
    1.2772907930707174,
    1.2801832411024305,
    1.2822529037793478,
    1.2608063062032064,
    1.277827379249391,
    1.2719504006325253,
    1.266676784697033,
    1.2731228141557602,
    1.2726390929449172,
    1.2661497615632558
  ],
  "val_acc": [
    0.12936507936507938,
    0.3007936507936508,
    0.41865079365079366,
    0.46865079365079365,
    0.5480158730158731,
    0.5642857142857143,
    0.5547619047619048,
    0.5964285714285714,
    0.5654761904761905,
    0.6095238095238096,
    0.6448412698412699,
    0.6492063492063492,
    0.6611111111111111,
    0.6492063492063492,
    0.655952380952381,
    0.6658730158730158,
    0.6432539682539683,
    0.651984126984127,
    0.676984126984127,
    0.6543650793650794,
    0.682936507936508,
    0.6928571428571428,
    0.665079365079365,
    0.6801587301587302,
    0.6880952380952381,
    0.7031746031746032,
    0.7047619047619048,
    0.7019841269841269,
    0.709920634920635,
    0.7166666666666667,
    0.7166666666666667,
    0.7218253968253968,
    0.7265873015873016,
    0.7253968253968254,
    0.734920634920635,
    0.7277777777777777,
    0.723015873015873,
    0.7313492063492063,
    0.7273809523809524,
    0.7333333333333333,
    0.7305555555555555,
    0.7329365079365079,
    0.7325396825396825,
    0.736904761904762,
    0.7293650793650793,
    0.7305555555555555,
    0.7305555555555555,
    0.7261904761904762,
    0.7309523809523809,
    0.7329365079365079
  ]
}