{
  "train_loss": [
    2.8473845725156823,
    2.562795806093281,
    2.370275744937715,
    2.1673162672795407,
    1.9203239481465346,
    1.6753356531363766,
    1.5122320926108328,
    1.3819663994977263,
    1.256281785575711,
    1.173426518310495,
    1.0882548914474695,
    1.006022545756126,
    0.922947527762173,
    0.8537653682183246,
    0.7878772704779696,
    0.7310133539089541,
    0.6453052620093028,
    0.5865289831648067,
    0.5210156754571564,
    0.46452639459752715,
    0.41434890007486147,
    0.34868157254595333,
    0.30564252466571573,
    0.26220230902133346,
    0.2102558351698376,
    0.1765010600288709,
    0.1487597140122433,
    0.13109908203283946,
    0.10604018078369348,
    0.0910987187455706,
    0.07075132474201877,
    0.06213120045710583,
    0.0593503985579322,
    0.04652017166419905,
    0.03681686588493334,
    0.03352606874846277,
    0.031084227217297977,
    0.027477085101259808,
    0.028003168324021256,
    0.025767336973324926,
    0.022143821783211767,
    0.02407945527942205,
    0.021109639473107396,
    0.01940929558964408,
    0.019442993549465323,
    0.019098342623130805,
    0.019350964652032267,
    0.019350547444860953,
    0.018564360538104764,
    0.01820367088376665
  ],
  "train_acc": [
    0.1352891156462585,
    0.23469387755102042,
    0.2879251700680272,
    0.35127551020408165,
    0.42551020408163265,
    0.49387755102040815,
    0.5389455782312925,
    0.5733843537414965,
    0.6164115646258503,
    0.6378401360544218,
    0.6625850340136055,
    0.6810374149659864,
    0.7148809523809524,
    0.7318877551020408,
    0.749234693877551,
    0.7694727891156462,
    0.7937925170068028,
    0.8154761904761905,
    0.8341836734693877,
    0.8512755102040817,
    0.8659863945578231,
    0.8910714285714286,
    0.9017857142857143,
    0.9201530612244898,
    0.9369897959183674,
    0.9497448979591837,
    0.9579931972789115,
    0.9630102040816326,
    0.9736394557823129,
    0.9767006802721089,
    0.9840136054421769,
    0.9865646258503401,
    0.9864795918367347,
    0.9908163265306122,
    0.9947278911564625,
    0.9947278911564625,
    0.9951530612244898,
    0.9961734693877551,
    0.9954081632653061,
    0.9961734693877551,
    0.9972789115646259,
    0.9973639455782313,
    0.9977891156462585,
    0.9977891156462585,
    0.9983843537414966,
    0.9982993197278912,
    0.9984693877551021,
    0.9976190476190476,
    0.9982142857142857,
    0.9980442176870749
  ],
  "val_loss": [
    2.7939195965963695,
    2.47577125231425,
    2.3599358377002533,
    2.351467962870522,
    2.442420796742515,
    2.4112110084957545,
    1.6824349993751162,
    1.6923105482071166,
    1.681297562992762,
    1.5435387267006768,
    1.5548693569879684,
    1.4582863455726987,
    1.5553745390876892,
    1.3134533060921563,
    1.2773061468487694,
    1.3499892253724355,
    1.2363501995328874,
    1.2758782784144083,
    1.2522316353661673,
    1.3210518397982158,
    1.282243761940608,
    1.3735231365476335,
    1.3889051653089977,
    1.357965670313154,
    1.4168891679672968,
    1.3305197772525605,
    1.3881699762647115,
    1.4367796485386197,
    1.3883782700886802,
    1.3844256669755965,
    1.3138853663489931,
    1.345972756355528,
    1.3427674970929584,
    1.3276687966452705,
    1.3462187600514246,
    1.349486025174459,
    1.356437099169171,
    1.3323812469603524,
    1.3347810643059868,
    1.3355532131497823,
    1.3300338483992078,
    1.3261580013093495,
    1.3398579101713877,
    1.3348632990367828,
    1.320386568705241,
    1.3351583889552525,
    1.3352823367194524,
    1.3377151383294,
    1.3341288963953655,
    1.3261280604771206
  ],
  "val_acc": [
    0.17777777777777778,
    0.26825396825396824,
    0.3051587301587302,
    0.3376984126984127,
    0.34365079365079365,
    0.3638888888888889,
    0.5198412698412699,
    0.5198412698412699,
    0.5198412698412699,
    0.5507936507936508,
    0.5603174603174603,
    0.582936507936508,
    0.5769841269841269,
    0.611904761904762,
    0.6420634920634921,
    0.6396825396825396,
    0.6658730158730158,
    0.6523809523809524,
    0.6634920634920635,
    0.6626984126984127,
    0.676984126984127,
    0.655952380952381,
    0.6492063492063492,
    0.6837301587301587,
    0.671031746031746,
    0.6936507936507936,
    0.6861111111111111,
    0.6849206349206349,
    0.7,
    0.7067460317460318,
    0.7123015873015873,
    0.7115079365079365,
    0.7091269841269842,
    0.7170634920634921,
    0.7111111111111111,
    0.7206349206349206,
    0.7154761904761905,
    0.7238095238095238,
    0.7281746031746031,
    0.7218253968253968,
    0.7242063492063492,
    0.7246031746031746,
    0.725,
    0.7253968253968254,
    0.725,
    0.7246031746031746,
    0.7234126984126984,
    0.721031746031746,
    0.7261904761904762,
    0.7285714285714285
  ]
}