{
  "train_loss": [
    2.8366124756482183,
    2.668060019551491,
    2.5200612551501007,
    2.291978744909066,
    2.032022867721765,
    1.831242002110903,
    1.669859663483237,
    1.5393124114899408,
    1.4425037002887855,
    1.359469477011233,
    1.282617291625665,
    1.2091480965517005,
    1.1259001799992152,
    1.0662890263966152,
    1.0007047017415365,
    0.9468333779549112,
    0.8646816296642329,
    0.7983230556760516,
    0.7344427494775682,
    0.6709964397813187,
    0.6208282083881145,
    0.5473099832632103,
    0.4837037966364906,
    0.42466133281487184,
    0.3671872975469446,
    0.3257953674614835,
    0.27314590231901936,
    0.23457310398419698,
    0.19260415751106885,
    0.16739469831999468,
    0.1271828031864296,
    0.10970026446240289,
    0.09874627621603661,
    0.0820852437595121,
    0.06890712092522862,
    0.06531978621572053,
    0.053665275501758876,
    0.04702073604273958,
    0.04297870750836775,
    0.03996776032711373,
    0.03823356421626344,
    0.036609606738804146,
    0.034956954723718216,
    0.031114529307652898,
    0.030405691174828275,
    0.02822199971193359,
    0.029073130471163056,
    0.029775664149498452,
    0.028867811152115973,
    0.029483403485952592
  ],
  "train_acc": [
    0.1284013605442177,
    0.18996598639455783,
    0.24158163265306123,
    0.3031462585034014,
    0.37695578231292515,
    0.43494897959183676,
    0.4903061224489796,
    0.521343537414966,
    0.5608843537414966,
    0.5767857142857142,
    0.6050170068027211,
    0.6233843537414966,
    0.6481292517006803,
    0.6625850340136055,
    0.6873299319727891,
    0.7038265306122449,
    0.7293367346938775,
    0.7424319727891157,
    0.7625850340136054,
    0.7858843537414966,
    0.7995748299319728,
    0.8288265306122449,
    0.8477040816326531,
    0.8655612244897959,
    0.8857142857142857,
    0.8971938775510204,
    0.9176020408163266,
    0.9305272108843538,
    0.9437074829931973,
    0.9528061224489796,
    0.966156462585034,
    0.9720238095238095,
    0.9766156462585034,
    0.9810374149659864,
    0.9846938775510204,
    0.9865646258503401,
    0.9899659863945578,
    0.9914115646258503,
    0.9924319727891157,
    0.9936224489795918,
    0.9927721088435374,
    0.9940476190476191,
    0.9957482993197279,
    0.996343537414966,
    0.9965136054421768,
    0.9965986394557823,
    0.9959183673469387,
    0.9957482993197279,
    0.9965136054421768,
    0.9962585034013606
  ],
  "val_loss": [
    2.8425417529212105,
    2.788243217316885,
    2.83048027583531,
    2.4863562326582653,
    2.412854987099057,
    2.3409762685261075,
    1.95982183161236,
    2.249041788161747,
    1.6843701722129942,
    1.7576631337877304,
    1.4876721700032551,
    1.6198979699422442,
    1.6642086691326565,
    1.5185805740810576,
    1.4787943718925356,
    1.6027310140549191,
    1.4285121391689966,
    1.5109618221010481,
    1.4875456416417683,
    1.4631323118058461,
    1.5636518012909661,
    1.4889380753986419,
    1.576433531443278,
    1.4751848323004586,
    1.4420589072363716,
    1.5486496198745001,
    1.6706873397978526,
    1.583750165454925,
    1.6088080387266854,
    1.6120595867671663,
    1.616518064907619,
    1.5609193010935707,
    1.6502911579041255,
    1.6565541354436724,
    1.625294788300045,
    1.624563921822442,
    1.6285357918058123,
    1.634390129740276,
    1.6402239678398012,
    1.6146145673025223,
    1.5990703896870688,
    1.623976531104436,
    1.617854793109591,
    1.62028438288068,
    1.61050131775084,
    1.598644124515473,
    1.5989705471765427,
    1.6022949502581643,
    1.5963160280197386,
    1.6033373147722274
  ],
  "val_acc": [
    0.1630952380952381,
    0.20238095238095238,
    0.22698412698412698,
    0.3130952380952381,
    0.3353174603174603,
    0.35714285714285715,
    0.4305555555555556,
    0.42142857142857143,
    0.4869047619047619,
    0.4984126984126984,
    0.5563492063492064,
    0.5373015873015873,
    0.525,
    0.5658730158730159,
    0.5821428571428572,
    0.5678571428571428,
    0.5976190476190476,
    0.5845238095238096,
    0.5956349206349206,
    0.5904761904761905,
    0.582936507936508,
    0.6079365079365079,
    0.609920634920635,
    0.6285714285714286,
    0.6376984126984127,
    0.6154761904761905,
    0.611904761904762,
    0.6273809523809524,
    0.6337301587301587,
    0.6420634920634921,
    0.6376984126984127,
    0.6472222222222223,
    0.6388888888888888,
    0.6436507936507937,
    0.6472222222222223,
    0.6527777777777778,
    0.6515873015873016,
    0.651984126984127,
    0.6551587301587302,
    0.6579365079365079,
    0.6587301587301587,
    0.6587301587301587,
    0.6563492063492063,
    0.6583333333333333,
    0.6642857142857143,
    0.6630952380952381,
    0.6662698412698412,
    0.6646825396825397,
    0.6634920634920635,
    0.665079365079365
  ]
}