{
  "train_loss": [
    2.8301477694997983,
    2.2958517285431324,
    1.9087834098712118,
    1.701809208409316,
    1.5101073380230234,
    1.3842688935143608,
    1.2574909041527988,
    1.1597697862962477,
    1.0650461809164813,
    0.9905301227861522,
    0.9130558709709011,
    0.8364252906267334,
    0.7551329986578753,
    0.7035189535342106,
    0.6376809722712251,
    0.583841345667028,
    0.5148590728133714,
    0.4574095440559647,
    0.4098571000455999,
    0.3603569977948455,
    0.3190710737186224,
    0.26124583551672853,
    0.21778249028994112,
    0.20355813993888647,
    0.1606994135444667,
    0.1335029091153826,
    0.10776625087066573,
    0.0836471610531515,
    0.07542494089425016,
    0.05868086945138821,
    0.04683463229309945,
    0.04085424496304421,
    0.0317732125698101,
    0.0297889996497404,
    0.027837231098895982,
    0.023784921238464967,
    0.021028171715383626,
    0.01887188288985061,
    0.0183810494814803,
    0.01702194039766886,
    0.01667375248812494,
    0.016510225269867448,
    0.015801881138412726,
    0.014569557099571438,
    0.014347168396474147,
    0.014684000260317001,
    0.013344997395666278,
    0.014743157904468425,
    0.013354715218349378,
    0.014366444824010033
  ],
  "train_acc": [
    0.15008503401360543,
    0.31539115646258503,
    0.4282312925170068,
    0.490391156462585,
    0.5417517006802721,
    0.58078231292517,
    0.6179421768707483,
    0.6421768707482993,
    0.66828231292517,
    0.690561224489796,
    0.7099489795918368,
    0.7399659863945578,
    0.7608843537414965,
    0.7738095238095238,
    0.7965986394557824,
    0.8130102040816326,
    0.8329931972789115,
    0.8570578231292517,
    0.868452380952381,
    0.8860544217687075,
    0.8957482993197279,
    0.9187925170068028,
    0.9341836734693878,
    0.9369047619047619,
    0.9513605442176871,
    0.9617346938775511,
    0.9704931972789116,
    0.9784863945578232,
    0.98078231292517,
    0.9865646258503401,
    0.9909863945578231,
    0.9921768707482993,
    0.994812925170068,
    0.9958333333333333,
    0.9959183673469387,
    0.9973639455782313,
    0.9973639455782313,
    0.9982993197278912,
    0.9983843537414966,
    0.9981292517006802,
    0.9982993197278912,
    0.998639455782313,
    0.9984693877551021,
    0.9982993197278912,
    0.9984693877551021,
    0.9988095238095238,
    0.9991496598639455,
    0.9984693877551021,
    0.9988945578231293,
    0.998639455782313
  ],
  "val_loss": [
    2.9808454392448303,
    2.7877658034127855,
    2.1435759109164043,
    2.0277107723175534,
    1.7957039344878423,
    1.5387988646825155,
    1.3833339971209329,
    1.3558028631740147,
    1.4352451810761104,
    1.3289785264030336,
    1.3528051156846304,
    1.5473011716963754,
    1.3156038324038188,
    1.7477758816310338,
    1.4983395803542363,
    1.2148202381436788,
    1.2925473042896816,
    1.247288429737091,
    1.2637882007492913,
    1.4733599394086807,
    1.3812182123698886,
    1.361152270483592,
    1.4761391276404972,
    1.4227632223613678,
    1.4466219141369774,
    1.2896507948163956,
    1.3427281754357474,
    1.3621761484751627,
    1.3326599541164579,
    1.2886231378903465,
    1.3636464470908756,
    1.2899963711935376,
    1.2657584636930435,
    1.2772111949466525,
    1.3134126542106508,
    1.3047113267202226,
    1.2837390767203436,
    1.3064856071320792,
    1.281891575692192,
    1.2955072633803837,
    1.2857694652345446,
    1.293090958443899,
    1.2887148225118243,
    1.2846675573833406,
    1.2967049897663177,
    1.2835622170614818,
    1.28518283026559,
    1.2887836187604873,
    1.2876220332251656,
    1.2763879734372336
  ],
  "val_acc": [
    0.1349206349206349,
    0.22301587301587303,
    0.3761904761904762,
    0.4496031746031746,
    0.47023809523809523,
    0.5388888888888889,
    0.5865079365079365,
    0.6027777777777777,
    0.6007936507936508,
    0.625,
    0.6083333333333333,
    0.575,
    0.6369047619047619,
    0.571031746031746,
    0.6234126984126984,
    0.6742063492063493,
    0.665079365079365,
    0.671031746031746,
    0.678968253968254,
    0.6615079365079365,
    0.6579365079365079,
    0.6722222222222223,
    0.6579365079365079,
    0.6857142857142857,
    0.6873015873015873,
    0.7003968253968254,
    0.7047619047619048,
    0.7023809523809523,
    0.7111111111111111,
    0.7166666666666667,
    0.7083333333333334,
    0.7305555555555555,
    0.726984126984127,
    0.7281746031746031,
    0.7285714285714285,
    0.7289682539682539,
    0.7313492063492063,
    0.734920634920635,
    0.7353174603174604,
    0.7357142857142858,
    0.7380952380952381,
    0.7345238095238096,
    0.7329365079365079,
    0.7361111111111112,
    0.7317460317460317,
    0.734920634920635,
    0.7353174603174604,
    0.7353174603174604,
    0.7345238095238096,
    0.7329365079365079
  ]
}