{
  "train_loss": [
    2.880947057568297,
    2.572233547483172,
    2.3279830377929063,
    2.0420020680849245,
    1.7324956738218968,
    1.5097878801579379,
    1.3702146531773263,
    1.238552175979225,
    1.1510995927311125,
    1.076116517693007,
    0.9954514659180933,
    0.9301290911071155,
    0.8582490683412877,
    0.7916606034551348,
    0.7315510257571733,
    0.6583112540699186,
    0.5845793289392173,
    0.5242602246148246,
    0.4716478222486924,
    0.4245975282321982,
    0.37009661720723525,
    0.31534890382468295,
    0.2720669883854535,
    0.22503555721166182,
    0.19657061207456653,
    0.15700368559380778,
    0.13484397792086308,
    0.10781163168804986,
    0.09837460777386516,
    0.07792853500668695,
    0.06503848632176717,
    0.05738019013181836,
    0.04661004756938438,
    0.04266720170877418,
    0.03388291520326316,
    0.03215130493044853,
    0.028926749056091113,
    0.026157999980155708,
    0.024143320955589517,
    0.021965064056420406,
    0.020628508517429943,
    0.021211422434976313,
    0.0211486904178651,
    0.018670809129569806,
    0.019591612219303643,
    0.018465925602331047,
    0.018571184172618146,
    0.018846238706083526,
    0.017468334625468773,
    0.018993743536930507
  ],
  "train_acc": [
    0.12534013605442176,
    0.22040816326530613,
    0.300765306122449,
    0.3871598639455782,
    0.47908163265306125,
    0.5403061224489796,
    0.5751700680272109,
    0.6151360544217687,
    0.6461734693877551,
    0.6630952380952381,
    0.684438775510204,
    0.7096938775510204,
    0.7281462585034013,
    0.7490646258503402,
    0.7659863945578231,
    0.7897108843537415,
    0.8139455782312925,
    0.830952380952381,
    0.8452380952380952,
    0.8637755102040816,
    0.8828231292517007,
    0.8990646258503401,
    0.9122448979591836,
    0.9291666666666667,
    0.9402210884353741,
    0.9562074829931972,
    0.9607993197278911,
    0.970578231292517,
    0.9737244897959184,
    0.980187074829932,
    0.9856292517006803,
    0.9870748299319728,
    0.9914965986394558,
    0.9920918367346939,
    0.9942176870748299,
    0.9949829931972789,
    0.9954931972789116,
    0.9962585034013606,
    0.9972789115646259,
    0.997704081632653,
    0.997874149659864,
    0.9977891156462585,
    0.9976190476190476,
    0.9983843537414966,
    0.9985544217687075,
    0.9981292517006802,
    0.9975340136054421,
    0.9983843537414966,
    0.9984693877551021,
    0.9975340136054421
  ],
  "val_loss": [
    2.721548761640276,
    2.622117116716173,
    2.3284178877633717,
    2.238287479915316,
    2.0537340315561448,
    1.5883139670841278,
    1.4959232364382062,
    1.4074098935202948,
    1.4077706976542397,
    1.4627644160437205,
    1.2872787736711049,
    1.427614428883507,
    1.3095606372469948,
    1.3930709835082766,
    1.2833211304649474,
    1.369630243664696,
    1.2419317366584899,
    1.3659702456186689,
    1.2884878495382883,
    1.4163089994400266,
    1.384230631495279,
    1.3794779728329372,
    1.5401301978126405,
    1.4230230221672664,
    1.3845537908493526,
    1.417631525085086,
    1.4074512606575376,
    1.4780370254365225,
    1.468900600312248,
    1.4868529929055108,
    1.4914394495979189,
    1.4798098567932372,
    1.4468262835154457,
    1.4587388303544786,
    1.424225159675356,
    1.4549193741783264,
    1.4318193787620181,
    1.422057775467161,
    1.4600216365995862,
    1.44163093301985,
    1.4445284147111197,
    1.4534209588217357,
    1.4381906509399414,
    1.4356922149658202,
    1.4353877389241778,
    1.4401373087413727,
    1.4145483088871789,
    1.4361862201539297,
    1.4277517193839664,
    1.4170143078243922
  ],
  "val_acc": [
    0.19285714285714287,
    0.22777777777777777,
    0.3353174603174603,
    0.348015873015873,
    0.43293650793650795,
    0.5313492063492063,
    0.540079365079365,
    0.5837301587301588,
    0.5912698412698413,
    0.5678571428571428,
    0.6083333333333333,
    0.5968253968253968,
    0.6198412698412699,
    0.611904761904762,
    0.6349206349206349,
    0.6349206349206349,
    0.6611111111111111,
    0.6297619047619047,
    0.667063492063492,
    0.6444444444444445,
    0.648015873015873,
    0.6567460317460317,
    0.655952380952381,
    0.6738095238095239,
    0.6797619047619048,
    0.6757936507936508,
    0.6865079365079365,
    0.675,
    0.6837301587301587,
    0.6912698412698413,
    0.6952380952380952,
    0.6837301587301587,
    0.6988095238095238,
    0.7063492063492064,
    0.7071428571428572,
    0.6984126984126984,
    0.7023809523809523,
    0.707936507936508,
    0.7067460317460318,
    0.7067460317460318,
    0.7119047619047619,
    0.7067460317460318,
    0.7107142857142857,
    0.7150793650793651,
    0.7130952380952381,
    0.7111111111111111,
    0.7123015873015873,
    0.7115079365079365,
    0.709920634920635,
    0.7138888888888889
  ]
}