{
  "train_loss": [
    2.891092370805286,
    2.4664269048340466,
    2.1719661028206754,
    1.9834638569630734,
    1.818941197589952,
    1.6864220108304704,
    1.5559478273197096,
    1.4455814197760861,
    1.3378667059398832,
    1.2572691223248333,
    1.1735904910937458,
    1.075225956423753,
    0.9915878638118303,
    0.9058560560349704,
    0.8215332529982742,
    0.7483317139197369,
    0.6930703013121676,
    0.5985052361780283,
    0.519440067179349,
    0.4610621607222525,
    0.39125693874294254,
    0.32398069176544136,
    0.2837733123172708,
    0.22869317584297283,
    0.18606355516683487,
    0.14619208416160273,
    0.11787405082968627,
    0.09909287481283655,
    0.07470292544283834,
    0.06741072397653748,
    0.054799352535585155,
    0.04170512813998729,
    0.03958485981284761,
    0.033435698689854874,
    0.025828377329776078,
    0.02527885027483207,
    0.02287502686182658,
    0.02055081546965505,
    0.020566665850022214,
    0.01909059572736828,
    0.016641036152434188,
    0.018820802555704605,
    0.016505452923375328,
    0.015025135020719093,
    0.0149673907276319,
    0.014564843819204237,
    0.015447333937852966,
    0.014544564599589426,
    0.014186905354869609,
    0.014624647954542215
  ],
  "train_acc": [
    0.13290816326530613,
    0.2657312925170068,
    0.346343537414966,
    0.39974489795918366,
    0.4481292517006803,
    0.482312925170068,
    0.5202380952380953,
    0.5528061224489796,
    0.5806122448979592,
    0.611734693877551,
    0.6314625850340136,
    0.6619897959183674,
    0.6908163265306122,
    0.7147108843537415,
    0.7384353741496599,
    0.7591836734693878,
    0.777125850340136,
    0.8115646258503402,
    0.835969387755102,
    0.851530612244898,
    0.8754251700680272,
    0.898469387755102,
    0.9119897959183674,
    0.9276360544217687,
    0.9460034013605442,
    0.9590986394557823,
    0.9683673469387755,
    0.9744897959183674,
    0.9823129251700681,
    0.9840136054421769,
    0.9886054421768707,
    0.9923469387755102,
    0.9923469387755102,
    0.9947278911564625,
    0.9970238095238095,
    0.9970238095238095,
    0.9965136054421768,
    0.997874149659864,
    0.9976190476190476,
    0.9976190476190476,
    0.9989795918367347,
    0.9980442176870749,
    0.9982993197278912,
    0.9988095238095238,
    0.9982993197278912,
    0.9989795918367347,
    0.9982142857142857,
    0.9987244897959183,
    0.9988945578231293,
    0.9988095238095238
  ],
  "val_loss": [
    3.2351251382676383,
    2.787881372845362,
    2.5820882411230177,
    2.2581362849190123,
    2.002131744036599,
    1.8403296315480793,
    1.8772648902166458,
    1.6891604041296338,
    1.9303702221976387,
    1.787071519049387,
    1.5096094763468182,
    1.5715604566392445,
    1.5338586742915805,
    1.6566972637933397,
    1.6583307905802651,
    1.6256761940698774,
    1.616798546579149,
    1.678392061733064,
    1.7692522075441148,
    1.793244615055266,
    1.7851544550486973,
    1.8492328155608404,
    1.9126544543675015,
    1.8232272254096138,
    1.8943017104315378,
    1.9833570609017024,
    1.9627570538293748,
    1.9844805800725542,
    1.9579514450497097,
    1.9392985041179354,
    1.9575351321508014,
    1.9029809160838052,
    1.9558081642029777,
    1.953597252709525,
    1.972266427675883,
    1.9438086305345808,
    1.9166859736518254,
    1.905842347372146,
    1.911938988973224,
    1.9067489782969156,
    1.9306702644105942,
    1.9170161860329764,
    1.9147215688039385,
    1.9161336051093207,
    1.9530004259139773,
    1.9180051440284365,
    1.9200090782982961,
    1.91497444009024,
    1.9156105317766705,
    1.9062899252725025
  ],
  "val_acc": [
    0.0996031746031746,
    0.21587301587301588,
    0.3119047619047619,
    0.35753968253968255,
    0.4107142857142857,
    0.45674603174603173,
    0.4718253968253968,
    0.5067460317460317,
    0.4742063492063492,
    0.5047619047619047,
    0.5599206349206349,
    0.5650793650793651,
    0.5638888888888889,
    0.5603174603174603,
    0.5623015873015873,
    0.582936507936508,
    0.5900793650793651,
    0.5813492063492064,
    0.5785714285714286,
    0.5821428571428572,
    0.5865079365079365,
    0.5801587301587302,
    0.5916666666666667,
    0.5996031746031746,
    0.5996031746031746,
    0.5932539682539683,
    0.5924603174603175,
    0.6051587301587301,
    0.6138888888888889,
    0.6194444444444445,
    0.6190476190476191,
    0.6309523809523809,
    0.6246031746031746,
    0.6357142857142857,
    0.6285714285714286,
    0.6392857142857142,
    0.6424603174603175,
    0.6301587301587301,
    0.6353174603174603,
    0.640079365079365,
    0.6369047619047619,
    0.6408730158730159,
    0.6424603174603175,
    0.6448412698412699,
    0.6369047619047619,
    0.6373015873015873,
    0.6444444444444445,
    0.6408730158730159,
    0.6416666666666667,
    0.6424603174603175
  ]
}