{
  "train_loss": [
    2.888506774837468,
    2.573785734176636,
    2.3231737363906135,
    1.9236830790837607,
    1.628016490028018,
    1.4101785849551765,
    1.269710822656852,
    1.1589528383040915,
    1.0710587220938028,
    0.9880410505800831,
    0.9167386005524876,
    0.8397502689134507,
    0.767997952951055,
    0.6944051406821427,
    0.6354737501566102,
    0.5737462435044399,
    0.5012144795080431,
    0.43730811233423195,
    0.3868713922241107,
    0.33252399803018895,
    0.28901241960979646,
    0.24664284104392642,
    0.2010457271215867,
    0.17855816309143896,
    0.15004409277925687,
    0.12208208310462179,
    0.10077307754430641,
    0.07767909567575065,
    0.06674930922129527,
    0.06473098189956476,
    0.05155936012766799,
    0.04610268951577394,
    0.0364376123563773,
    0.03431519807195988,
    0.0287787762274142,
    0.027195797067414335,
    0.024212848871540862,
    0.020730365445317867,
    0.021622816290782422,
    0.021274741470408278,
    0.020037192732197086,
    0.018881054477271984,
    0.0194704294001975,
    0.016983995680399492,
    0.017409872969447755,
    0.01704845962931915,
    0.016111943604057134,
    0.016485208808919606,
    0.0164114941266321,
    0.016304063638608878
  ],
  "train_acc": [
    0.1386904761904762,
    0.23035714285714284,
    0.2988095238095238,
    0.415391156462585,
    0.4989795918367347,
    0.5637755102040817,
    0.6039115646258504,
    0.6409863945578231,
    0.6630102040816327,
    0.688860544217687,
    0.7119047619047619,
    0.7354591836734694,
    0.7556972789115646,
    0.7778061224489796,
    0.7941326530612245,
    0.8164965986394558,
    0.8384353741496599,
    0.8576530612244898,
    0.8761054421768707,
    0.894812925170068,
    0.9079081632653061,
    0.9238095238095239,
    0.9385204081632653,
    0.946343537414966,
    0.9530612244897959,
    0.9666666666666667,
    0.9738945578231293,
    0.9819727891156462,
    0.984608843537415,
    0.9835884353741496,
    0.9893707482993197,
    0.990391156462585,
    0.9937925170068027,
    0.9943877551020408,
    0.9960034013605442,
    0.9958333333333333,
    0.9961734693877551,
    0.997704081632653,
    0.9974489795918368,
    0.9976190476190476,
    0.9967687074829932,
    0.9982142857142857,
    0.9977891156462585,
    0.9981292517006802,
    0.9977891156462585,
    0.9979591836734694,
    0.9984693877551021,
    0.9989795918367347,
    0.9988945578231293,
    0.9982142857142857
  ],
  "val_loss": [
    2.7318375367966907,
    2.6884626426394025,
    2.4815321945008777,
    2.156163784057375,
    1.7512530754482936,
    1.5918934417149377,
    1.4304913490537614,
    1.4306322888722496,
    1.3339366625225733,
    1.3272901413932678,
    1.180049897754003,
    1.3609793946856543,
    1.3289016243011231,
    1.3083809152482049,
    1.303983669810825,
    1.5937713797130282,
    1.3881985565972708,
    1.3427017999073816,
    1.4482636523625207,
    1.3744348045379395,
    1.3889871778942289,
    1.4700679900154234,
    1.4500963703034415,
    1.4420752771317014,
    1.4833331331374153,
    1.4935112873713174,
    1.4848093199351478,
    1.469745701456827,
    1.5600283338910057,
    1.5050018147816733,
    1.4224355042926848,
    1.4389112302235194,
    1.4694854270844233,
    1.4910656478669908,
    1.452866183765351,
    1.443593016124907,
    1.4395293508257185,
    1.4552091204930866,
    1.4258915870908706,
    1.432505462661622,
    1.4538387203973437,
    1.4642883092638046,
    1.4501174029849824,
    1.4224358093170892,
    1.4291878128808642,
    1.4581222833149017,
    1.4340443357588752,
    1.4599960569351438,
    1.4328264368904962,
    1.4294025795800345
  ],
  "val_acc": [
    0.18373015873015874,
    0.23095238095238096,
    0.32341269841269843,
    0.3896825396825397,
    0.4801587301587302,
    0.5301587301587302,
    0.5801587301587302,
    0.5968253968253968,
    0.6111111111111112,
    0.6154761904761905,
    0.6472222222222223,
    0.6265873015873016,
    0.6305555555555555,
    0.6357142857142857,
    0.6353174603174603,
    0.6174603174603175,
    0.6496031746031746,
    0.6531746031746032,
    0.6424603174603175,
    0.6718253968253968,
    0.6666666666666666,
    0.6678571428571428,
    0.6730158730158731,
    0.6698412698412698,
    0.6833333333333333,
    0.6757936507936508,
    0.6746031746031746,
    0.6857142857142857,
    0.6884920634920635,
    0.6912698412698413,
    0.6972222222222222,
    0.6968253968253968,
    0.7007936507936507,
    0.6948412698412698,
    0.7051587301587302,
    0.707936507936508,
    0.7047619047619048,
    0.703968253968254,
    0.705952380952381,
    0.7047619047619048,
    0.7063492063492064,
    0.705952380952381,
    0.707936507936508,
    0.7051587301587302,
    0.7095238095238096,
    0.7071428571428572,
    0.709920634920635,
    0.705952380952381,
    0.7091269841269842,
    0.7095238095238096
  ]
}