{
  "train_loss": [
    2.8205733062458687,
    2.3237952968701214,
    1.9365578648184432,
    1.7190360563952907,
    1.5378540108803989,
    1.4044170097428925,
    1.2992502069797645,
    1.1892995563494104,
    1.1065427125716696,
    1.0292429574492836,
    0.959992952898246,
    0.8764003557412803,
    0.7994936662466348,
    0.7372812901224409,
    0.6811304770359377,
    0.6036343402603046,
    0.5492330384903213,
    0.47892992772212645,
    0.42957700097641976,
    0.3660351717958645,
    0.3333168791670378,
    0.27782112619503824,
    0.2317840317885081,
    0.20368551838965643,
    0.16475113527912671,
    0.12993447150097412,
    0.10931326391137376,
    0.08760580543149896,
    0.07097799197143438,
    0.06534336479950924,
    0.05185310711361924,
    0.04559408660445895,
    0.03629672044039178,
    0.032715709238838986,
    0.026912183094085478,
    0.023217365860330814,
    0.023910120659235385,
    0.021791175002751708,
    0.020657190427082736,
    0.018222151711887243,
    0.01793218071312726,
    0.018084874602199413,
    0.016488329820385596,
    0.01506466525701844,
    0.016080429402439773,
    0.015308772351871542,
    0.014346064298356675,
    0.014687947332098775,
    0.01478766900594948,
    0.014342536006857748
  ],
  "train_acc": [
    0.1629251700680272,
    0.31301020408163266,
    0.4204081632653061,
    0.48622448979591837,
    0.5308673469387755,
    0.573469387755102,
    0.6038265306122449,
    0.6295918367346939,
    0.6547619047619048,
    0.678656462585034,
    0.7,
    0.7215986394557823,
    0.7437925170068027,
    0.763265306122449,
    0.784608843537415,
    0.8104591836734694,
    0.8207482993197279,
    0.8479591836734693,
    0.8612244897959184,
    0.883843537414966,
    0.8948979591836734,
    0.9142857142857143,
    0.925765306122449,
    0.9385204081632653,
    0.9511904761904761,
    0.9638605442176871,
    0.9712585034013606,
    0.9781462585034013,
    0.9823979591836735,
    0.984608843537415,
    0.9889455782312925,
    0.991156462585034,
    0.9932823129251701,
    0.9952380952380953,
    0.9961734693877551,
    0.9965136054421768,
    0.9972789115646259,
    0.9972789115646259,
    0.9975340136054421,
    0.9981292517006802,
    0.997704081632653,
    0.9977891156462585,
    0.9981292517006802,
    0.9988945578231293,
    0.9982142857142857,
    0.998639455782313,
    0.9985544217687075,
    0.9991496598639455,
    0.9985544217687075,
    0.9988945578231293
  ],
  "val_loss": [
    3.0058549055977473,
    2.3726316361200244,
    2.0425047159194945,
    2.0138565623571,
    1.673938482905191,
    2.114753766665383,
    1.4549264813226366,
    1.5355561831640818,
    1.408964585122608,
    1.3065029840620737,
    1.3243454812065003,
    1.3229067454262384,
    1.2455218619770474,
    1.3278895699788653,
    1.5797150744332207,
    1.1882770975430808,
    1.2856161779827542,
    1.3202140758907983,
    1.3168168745343647,
    1.3557715185104855,
    1.6618225650181846,
    1.270930804714324,
    1.478176014385526,
    1.4263230849826147,
    1.3604068063554309,
    1.3573968735952227,
    1.3650545479759337,
    1.380858404485006,
    1.411554633814191,
    1.3189500871158781,
    1.3658927349817185,
    1.3713775876968626,
    1.3515198650814237,
    1.3088213400235251,
    1.3598135760852268,
    1.3371102908300976,
    1.3438149242174058,
    1.3279278132650587,
    1.3522350354800148,
    1.3359597283696372,
    1.3473714480324397,
    1.3392008495709253,
    1.327532384319911,
    1.3042202904110862,
    1.3453193482898531,
    1.3351793599507165,
    1.3297930424175566,
    1.3335016559040735,
    1.3299830635388692,
    1.31811633734476
  ],
  "val_acc": [
    0.14484126984126985,
    0.30793650793650795,
    0.3972222222222222,
    0.4515873015873016,
    0.5035714285714286,
    0.4496031746031746,
    0.5642857142857143,
    0.55,
    0.5817460317460318,
    0.6095238095238096,
    0.6186507936507937,
    0.6095238095238096,
    0.6416666666666667,
    0.6376984126984127,
    0.6186507936507937,
    0.6718253968253968,
    0.665079365079365,
    0.6492063492063492,
    0.6599206349206349,
    0.6634920634920635,
    0.6337301587301587,
    0.6785714285714286,
    0.6599206349206349,
    0.6738095238095239,
    0.6880952380952381,
    0.680952380952381,
    0.6956349206349206,
    0.6948412698412698,
    0.6900793650793651,
    0.7178571428571429,
    0.705952380952381,
    0.7091269841269842,
    0.7170634920634921,
    0.7194444444444444,
    0.7214285714285714,
    0.7214285714285714,
    0.723015873015873,
    0.721031746031746,
    0.7158730158730159,
    0.7170634920634921,
    0.7154761904761905,
    0.723015873015873,
    0.7170634920634921,
    0.7234126984126984,
    0.7194444444444444,
    0.7218253968253968,
    0.7226190476190476,
    0.7234126984126984,
    0.723015873015873,
    0.721031746031746
  ]
}